{
    "loss": 0.10685848444700241,
    "accuracy": 0.9944444298744202
}